title,section,clean_title,tokens
ONIBUDO: Give us back our Hill,Opinion,onibudo give us back our hill,"['onibudo', 'give', 'u', 'back', 'hill']"
"CASTAGNO: U.Va. paved paradise, but we still need more parking lots",Opinion,castagno uva paved paradise but we still need more parking lots,"['castagno', 'uva', 'paved', 'paradise', 'still', 'need', 'parking', 'lot']"
EDITORIAL: Repressive classroom agendas cost students their education,Opinion,editorial repressive classroom agendas cost students their education,"['editorial', 'repressive', 'classroom', 'agenda', 'cost', 'student', 'education']"
YOUNIS: Why every U.Va. student should say yes to English,Opinion,younis why every uva student should say yes to english,"['younis', 'every', 'uva', 'student', 'say', 'yes', 'english']"
ELJAZZAR: Prolong technology sabbaticals,Opinion,eljazzar prolong technology sabbaticals,"['eljazzar', 'prolong', 'technology', 'sabbatical']"
RASHID: The liberal arts are not optional — and we need to start treating them as such,Opinion,rashid the liberal arts are not optional  and we need to start treating them as such,"['rashid', 'liberal', 'art', 'optional', 'need', 'start', 'treating']"
OBITUARY: John Thomas Casteen III passes away at 81,Opinion,obituary john thomas casteen iii passes away at ,"['obituary', 'john', 'thomas', 'casteen', 'iii', 'pass', 'away']"
4 RELIGIOUS STUDIES FACULTY: Where are the humanities professors?,Opinion, religious studies faculty where are the humanities professors,"['religious', 'study', 'faculty', 'humanity', 'professor']"
PAYNE: U.Va.’s acquisition of the FEI directly harms the children of Charlottesville,Opinion,payne uvas acquisition of the fei directly harms the children of charlottesville,"['payne', 'uvas', 'acquisition', 'fei', 'directly', 'harm', 'child', 'charlottesville']"
PARTING SHOT: On the art of walking and chewing gum,Opinion,parting shot on the art of walking and chewing gum,"['parting', 'shot', 'art', 'walking', 'chewing', 'gum']"
NERO: Virginia must further prioritize high school economics education,Opinion,nero virginia must further prioritize high school economics education,"['nero', 'virginia', 'must', 'prioritize', 'high', 'school', 'economics', 'education']"
"BRUNMAN: October 7 — one year on, it is time we embrace conciliation",Opinion,brunman october   one year on it is time we embrace conciliation,"['brunman', 'october', 'one', 'year', 'time', 'embrace', 'conciliation']"
"BAKER, FRIDLEY, LIEU: We should re-examine Inclusive Access textbooks on Grounds",Opinion,baker fridley lieu we should reexamine inclusive access textbooks on grounds,"['baker', 'fridley', 'lieu', 'reexamine', 'inclusive', 'access', 'textbook', 'ground']"
LETTER: U.Va.'s relationship with the University Guides,Opinion,letter uvas relationship with the university guides,"['letter', 'uvas', 'relationship', 'university', 'guide']"
LETTER: An alumnus and parent’s perspective on U.Va.’s presidential search process,Opinion,letter an alumnus and parents perspective on uvas presidential search process,"['letter', 'alumnus', 'parent', 'perspective', 'uvas', 'presidential', 'search', 'process']"
HUYNH: Hung Cao's story is powerful — don't take the bait,Opinion,huynh hung caos story is powerful  dont take the bait,"['huynh', 'hung', 'caos', 'story', 'powerful', 'dont', 'take', 'bait']"
EDITORIAL: An eleventh-hour presidential appointment and a community left in the dark,Opinion,editorial an eleventhhour presidential appointment and a community left in the dark,"['editorial', 'eleventhhour', 'presidential', 'appointment', 'community', 'left', 'dark']"
BROWN AND FORD: U.Va.’s Board of Visitors cannot escape accountability with silence,Opinion,brown and ford uvas board of visitors cannot escape accountability with silence,"['brown', 'ford', 'uvas', 'board', 'visitor', 'cannot', 'escape', 'accountability', 'silence']"
LETTER FROM THE EDITOR: Introducing The Cavalier Daily’s puzzle section,Opinion,letter from the editor introducing the cavalier dailys puzzle section,"['letter', 'editor', 'introducing', 'cavalier', 'daily', 'puzzle', 'section']"
RASHID: U.Va. must empower faculty and students through transparency,Opinion,rashid uva must empower faculty and students through transparency,"['rashid', 'uva', 'must', 'empower', 'faculty', 'student', 'transparency']"
"ONIBUDO AND SAWAYA: Police, not students, were agents of chaos",Opinion,onibudo and sawaya police not students were agents of chaos,"['onibudo', 'sawaya', 'police', 'student', 'agent', 'chaos']"
EDITORIAL: Safe spaces must account for their diversity,Opinion,editorial safe spaces must account for their diversity,"['editorial', 'safe', 'space', 'must', 'account', 'diversity']"
EDITORIAL: Living on the Lawn should be a genuine privilege,Opinion,editorial living on the lawn should be a genuine privilege,"['editorial', 'living', 'lawn', 'genuine', 'privilege']"
RASHID: Club exclusivity hurts the student body,Opinion,rashid club exclusivity hurts the student body,"['rashid', 'club', 'exclusivity', 'hurt', 'student', 'body']"
KURTZWEIL: What we lose in the name of efficiency,Opinion,kurtzweil what we lose in the name of efficiency,"['kurtzweil', 'lose', 'name', 'efficiency']"
EDITORIAL: U.Va.’s path forward begins in the shadows of administrative silence,Opinion,editorial uvas path forward begins in the shadows of administrative silence,"['editorial', 'uvas', 'path', 'forward', 'begin', 'shadow', 'administrative', 'silence']"
"GOLDBLATT, LEVY, MILOV: Israeli flag vandalism is political, not antisemitic",Opinion,goldblatt levy milov israeli flag vandalism is political not antisemitic,"['goldblatt', 'levy', 'milov', 'israeli', 'flag', 'vandalism', 'political', 'antisemitic']"
LETTER: Your U.Va. Health System coverage lacks important context,Opinion,letter your uva health system coverage lacks important context,"['letter', 'uva', 'health', 'system', 'coverage', 'lack', 'important', 'context']"
"RASHID: Noncitizen students are under attack, and the University must act",Opinion,rashid noncitizen students are under attack and the university must act,"['rashid', 'noncitizen', 'student', 'attack', 'university', 'must', 'act']"
COHEN: Take on NIL the Tony Bennett way,Opinion,cohen take on nil the tony bennett way,"['cohen', 'take', 'nil', 'tony', 'bennett', 'way']"
KING: Why are Virginia Democrats the only ones defending Virginia’s authority?,Opinion,king why are virginia democrats the only ones defending virginias authority,"['king', 'virginia', 'democrat', 'one', 'defending', 'virginia', 'authority']"
SHRAUGER: McIntire’s three-year model limits opportunities for first-year students,Opinion,shrauger mcintires threeyear model limits opportunities for firstyear students,"['shrauger', 'mcintires', 'threeyear', 'model', 'limit', 'opportunity', 'firstyear', 'student']"
KURTZWEIL: Dockworkers’ unions cannot avoid the threat of automation,Opinion,kurtzweil dockworkers unions cannot avoid the threat of automation,"['kurtzweil', 'dockworker', 'union', 'cannot', 'avoid', 'threat', 'automation']"
PARTING SHOT: Without sorrow,Opinion,parting shot without sorrow,"['parting', 'shot', 'without', 'sorrow']"
COHEN: Removing supplemental essays sacrifices individuality for convenience,Opinion,cohen removing supplemental essays sacrifices individuality for convenience,"['cohen', 'removing', 'supplemental', 'essay', 'sacrifice', 'individuality', 'convenience']"
EDITORIAL: Commit to protecting noncitizens on Grounds,Opinion,editorial commit to protecting noncitizens on grounds,"['editorial', 'commit', 'protecting', 'noncitizen', 'ground']"
EDITORIAL: Celebrating and reflecting on The Cavalier Daily’s independence,Opinion,editorial celebrating and reflecting on the cavalier dailys independence,"['editorial', 'celebrating', 'reflecting', 'cavalier', 'daily', 'independence']"
NEALE: U.Va. needs to address tuition costs to ensure economic diversity,Opinion,neale uva needs to address tuition costs to ensure economic diversity,"['neale', 'uva', 'need', 'address', 'tuition', 'cost', 'ensure', 'economic', 'diversity']"
ARRAS: U.Va. must revise the Sexual Assault Prevention Training module,Opinion,arras uva must revise the sexual assault prevention training module,"['arras', 'uva', 'must', 'revise', 'sexual', 'assault', 'prevention', 'training', 'module']"
KURTZWEIL: California’s environmental laws should not influence Virginia’s,Opinion,kurtzweil californias environmental laws should not influence virginias,"['kurtzweil', 'california', 'environmental', 'law', 'influence', 'virginia']"
SAWAYA: U.Va. should require more language education,Opinion,sawaya uva should require more language education,"['sawaya', 'uva', 'require', 'language', 'education']"
EDITORIAL: Federal funding confusion punishes Charlottesville adult education,Opinion,editorial federal funding confusion punishes charlottesville adult education,"['editorial', 'federal', 'funding', 'confusion', 'punishes', 'charlottesville', 'adult', 'education']"
EDITORIAL: City Council — learn from past mistakes on ranked choice voting,Opinion,editorial city council  learn from past mistakes on ranked choice voting,"['editorial', 'city', 'council', 'learn', 'past', 'mistake', 'ranked', 'choice', 'voting']"
EDITORIAL: Virginia’s political parties have left our universities boarded up,Opinion,editorial virginias political parties have left our universities boarded up,"['editorial', 'virginia', 'political', 'party', 'left', 'university', 'boarded']"
KAVITHA: U.Va. must strengthen efforts to combat opioid overdose in the community,Opinion,kavitha uva must strengthen efforts to combat opioid overdose in the community,"['kavitha', 'uva', 'must', 'strengthen', 'effort', 'combat', 'opioid', 'overdose', 'community']"
PATEL: Personal development courses support students beyond the gradebook,Opinion,patel personal development courses support students beyond the gradebook,"['patel', 'personal', 'development', 'course', 'support', 'student', 'beyond', 'gradebook']"
PARTING SHOT: Does this even matter?,Opinion,parting shot does this even matter,"['parting', 'shot', 'even', 'matter']"
"DUTTENHOFER: A case for a U.Va. degree, beyond the data",Opinion,duttenhofer a case for a uva degree beyond the data,"['duttenhofer', 'case', 'uva', 'degree', 'beyond', 'data']"
EDITORIAL: Elect Honor representatives committed to transparency,Opinion,editorial elect honor representatives committed to transparency,"['editorial', 'elect', 'honor', 'representative', 'committed', 'transparency']"
"PARTING SHOT: When it comes to art, it pays to pay attention",Opinion,parting shot when it comes to art it pays to pay attention,"['parting', 'shot', 'come', 'art', 'pay', 'pay', 'attention']"
"GARVIE: Let clubs be about interests, not interviews",Opinion,garvie let clubs be about interests not interviews,"['garvie', 'let', 'club', 'interest', 'interview']"
GARVIE: U.Va. Health is rapidly falling behind on its responsibility to patients,Opinion,garvie uva health is rapidly falling behind on its responsibility to patients,"['garvie', 'uva', 'health', 'rapidly', 'falling', 'behind', 'responsibility', 'patient']"
KURTZWEIL: Virginia’s new education reform stinks of school choice plot,Opinion,kurtzweil virginias new education reform stinks of school choice plot,"['kurtzweil', 'virginia', 'new', 'education', 'reform', 'stink', 'school', 'choice', 'plot']"
RASHID: Late night snacking is our right,Opinion,rashid late night snacking is our right,"['rashid', 'late', 'night', 'snacking', 'right']"
"HUYNH: Promote the presidential debate, protect Student Council",Opinion,huynh promote the presidential debate protect student council,"['huynh', 'promote', 'presidential', 'debate', 'protect', 'student', 'council']"
CARTER: Take care selecting U.Va. Health’s next CEO,Opinion,carter take care selecting uva healths next ceo,"['carter', 'take', 'care', 'selecting', 'uva', 'health', 'next', 'ceo']"
SULLIVAN: The Echols Scholar Program sidesteps gen-eds — and their own mission,Opinion,sullivan the echols scholar program sidesteps geneds  and their own mission,"['sullivan', 'echols', 'scholar', 'program', 'sidestep', 'geneds', 'mission']"
KING: Backroom agreements have no place at U.Va.,Opinion,king backroom agreements have no place at uva,"['king', 'backroom', 'agreement', 'place', 'uva']"
CULLEN: Let's not make the U. like it used to be,Opinion,cullen lets not make the u like it used to be,"['cullen', 'let', 'make', 'u', 'like', 'used']"
EDITORIAL: Government has the power to prevent further political violence,Opinion,editorial government has the power to prevent further political violence,"['editorial', 'government', 'power', 'prevent', 'political', 'violence']"
KING: The absurdity of Wilkinson’s veto,Opinion,king the absurdity of wilkinsons veto,"['king', 'absurdity', 'wilkinson', 'veto']"
WASSERMAN: The Cavalier Daily got it wrong on UVa.’s discrimination cases,Opinion,wasserman the cavalier daily got it wrong on uvas discrimination cases,"['wasserman', 'cavalier', 'daily', 'got', 'wrong', 'uvas', 'discrimination', 'case']"
PATEL: Flipped classroom models subtract from effective education,Opinion,patel flipped classroom models subtract from effective education,"['patel', 'flipped', 'classroom', 'model', 'subtract', 'effective', 'education']"
LETTER: Embrace medicinal herb gardens on Grounds,Opinion,letter embrace medicinal herb gardens on grounds,"['letter', 'embrace', 'medicinal', 'herb', 'garden', 'ground']"
CASTAGNO: Closing the Federal Executive Institute fails local residents,Opinion,castagno closing the federal executive institute fails local residents,"['castagno', 'closing', 'federal', 'executive', 'institute', 'fails', 'local', 'resident']"
"PARTING SHOT: Girl, what did you expect?",Opinion,parting shot girl what did you expect,"['parting', 'shot', 'girl', 'expect']"
EDITORIAL: Draw the line on University expansion,Opinion,editorial draw the line on university expansion,"['editorial', 'draw', 'line', 'university', 'expansion']"
JEFFERSON COUNCIL: The hypocritical politicization of U.Va.’s presidential search,Opinion,jefferson council the hypocritical politicization of uvas presidential search,"['jefferson', 'council', 'hypocritical', 'politicization', 'uvas', 'presidential', 'search']"
EDITORIAL: End the Batten Curve,Opinion,editorial end the batten curve,"['editorial', 'end', 'batten', 'curve']"
PARTING SHOT: The myth of the “two Universities”,Opinion,parting shot the myth of the two universities,"['parting', 'shot', 'myth', 'two', 'university']"
GARVIE: Commend the University’s continuous care for the environment,Opinion,garvie commend the universitys continuous care for the environment,"['garvie', 'commend', 'university', 'continuous', 'care', 'environment']"
RASHID: U.Va.’s deal with the government exposes us to both risk and reward,Opinion,rashid uvas deal with the government exposes us to both risk and reward,"['rashid', 'uvas', 'deal', 'government', 'expose', 'u', 'risk', 'reward']"
CARTER: U.Va. Health owes clarity to transplant patients,Opinion,carter uva health owes clarity to transplant patients,"['carter', 'uva', 'health', 'owes', 'clarity', 'transplant', 'patient']"
KAVITHA: Invest in our future physicians’ medical education,Opinion,kavitha invest in our future physicians medical education,"['kavitha', 'invest', 'future', 'physician', 'medical', 'education']"
LETTER: Medical students stand in support of transgender youth,Opinion,letter medical students stand in support of transgender youth,"['letter', 'medical', 'student', 'stand', 'support', 'transgender', 'youth']"
"UPADHYAYA: Title IX changes should be here to stay, not pushed away",Opinion,upadhyaya title ix changes should be here to stay not pushed away,"['upadhyaya', 'title', 'ix', 'change', 'stay', 'pushed', 'away']"
LETTER: Misunderstanding the Honor Committee’s mental health procedures,Opinion,letter misunderstanding the honor committees mental health procedures,"['letter', 'misunderstanding', 'honor', 'committee', 'mental', 'health', 'procedure']"
EDITORIAL: Federal overreach will not end with President Ryan,Opinion,editorial federal overreach will not end with president ryan,"['editorial', 'federal', 'overreach', 'end', 'president', 'ryan']"
SULLIVAN: Gov. Youngkin purges integrity from voter registration process,Opinion,sullivan gov youngkin purges integrity from voter registration process,"['sullivan', 'gov', 'youngkin', 'purge', 'integrity', 'voter', 'registration', 'process']"
KURTZWEIL: City Council should truly adhere to a Housing First policy,Opinion,kurtzweil city council should truly adhere to a housing first policy,"['kurtzweil', 'city', 'council', 'truly', 'adhere', 'housing', 'first', 'policy']"
EDITORIAL: Vote for The Voice Movement,Opinion,editorial vote for the voice movement,"['editorial', 'vote', 'voice', 'movement']"
CARON: U.Va. must provide more structural support for transfers,Opinion,caron uva must provide more structural support for transfers,"['caron', 'uva', 'must', 'provide', 'structural', 'support', 'transfer']"
"WILLIAMS: From deepfakes to ChatGPT, AI can ruin us",Opinion,williams from deepfakes to chatgpt ai can ruin us,"['williams', 'deepfakes', 'chatgpt', 'ai', 'ruin', 'u']"
VEGA: In defense of President Jim Ryan,Opinion,vega in defense of president jim ryan,"['vega', 'defense', 'president', 'jim', 'ryan']"
BURSTEIN: Federal workforce cuts target Virginia — and Youngkin’s response falls short,Opinion,burstein federal workforce cuts target virginia  and youngkins response falls short,"['burstein', 'federal', 'workforce', 'cut', 'target', 'virginia', 'youngkins', 'response', 'fall', 'short']"
"CARTER: Virginia, stop ignoring inmate health",Opinion,carter virginia stop ignoring inmate health,"['carter', 'virginia', 'stop', 'ignoring', 'inmate', 'health']"
EDITORIAL: Signing off from the 135th term,Opinion,editorial signing off from the th term,"['editorial', 'signing', 'th', 'term']"
EDITORIAL: Vote for transformation in Student Council,Opinion,editorial vote for transformation in student council,"['editorial', 'vote', 'transformation', 'student', 'council']"
WILLIAMS: Big donors are dominating the Board of Visitors,Opinion,williams big donors are dominating the board of visitors,"['williams', 'big', 'donor', 'dominating', 'board', 'visitor']"
HAWKINS: Virginia Democrats’ redistricting plan is indefensible and likely unlawful,Opinion,hawkins virginia democrats redistricting plan is indefensible and likely unlawful,"['hawkins', 'virginia', 'democrat', 'redistricting', 'plan', 'indefensible', 'likely', 'unlawful']"
EDITORIAL: Affirm the actions of U.Va.’s admissions programs,Opinion,editorial affirm the actions of uvas admissions programs,"['editorial', 'affirm', 'action', 'uvas', 'admission', 'program']"
LETTER: A letter to the U.Va. community from the A.N.G.E.L.S. Society,Opinion,letter a letter to the uva community from the angels society,"['letter', 'letter', 'uva', 'community', 'angel', 'society']"
PARTING SHOT: On fighting imposter syndrome and being cool,Opinion,parting shot on fighting imposter syndrome and being cool,"['parting', 'shot', 'fighting', 'imposter', 'syndrome', 'cool']"
LETTER FROM THE EDITOR: Reintroducing The Cavalier Daily’s podcast desk,Opinion,letter from the editor reintroducing the cavalier dailys podcast desk,"['letter', 'editor', 'reintroducing', 'cavalier', 'daily', 'podcast', 'desk']"
BRUNMAN: The University’s top national ranking in free speech should not fire you up,Opinion,brunman the universitys top national ranking in free speech should not fire you up,"['brunman', 'university', 'top', 'national', 'ranking', 'free', 'speech', 'fire']"
YOUNIS: U.Va. is missing a human voice,Opinion,younis uva is missing a human voice,"['younis', 'uva', 'missing', 'human', 'voice']"
JENKINS: Divestment is not a solution for Israel and Palestine,Opinion,jenkins divestment is not a solution for israel and palestine,"['jenkins', 'divestment', 'solution', 'israel', 'palestine']"
EDITORIAL: Celebrate the Contemplative Commons and other non-academic student spaces,Opinion,editorial celebrate the contemplative commons and other nonacademic student spaces,"['editorial', 'celebrate', 'contemplative', 'common', 'nonacademic', 'student', 'space']"
UPADHYAYA: Open the door for DACA recipients to join law enforcement,Opinion,upadhyaya open the door for daca recipients to join law enforcement,"['upadhyaya', 'open', 'door', 'daca', 'recipient', 'join', 'law', 'enforcement']"
EDITORIAL: Some ‘limited’ feedback on the Compact,Opinion,editorial some limited feedback on the compact,"['editorial', 'limited', 'feedback', 'compact']"
"COHEN: Facing federal cuts, U.Va. must defend affordability",Opinion,cohen facing federal cuts uva must defend affordability,"['cohen', 'facing', 'federal', 'cut', 'uva', 'must', 'defend', 'affordability']"
NAISH: We need to say the “F” word more,Opinion,naish we need to say the f word more,"['naish', 'need', 'say', 'f', 'word']"
RASHID: U.Va.’s new privacy policy should be welcomed — and expanded,Opinion,rashid uvas new privacy policy should be welcomed  and expanded,"['rashid', 'uvas', 'new', 'privacy', 'policy', 'welcomed', 'expanded']"
P.U.M.P.K.I.N. SOCIETY: Happy Halloween 2025,Opinion,pumpkin society happy halloween ,"['pumpkin', 'society', 'happy', 'halloween']"
"KURTZWEIL: Volunteering at U.Va. should be easy, but isn’t",Opinion,kurtzweil volunteering at uva should be easy but isnt,"['kurtzweil', 'volunteering', 'uva', 'easy', 'isnt']"
A statement by 401 concerned faculty regarding the crisis of President Ryan’s forced resignation,Opinion,a statement by  concerned faculty regarding the crisis of president ryans forced resignation,"['statement', 'concerned', 'faculty', 'regarding', 'crisis', 'president', 'ryans', 'forced', 'resignation']"
EDITORIAL: Upholding medical amnesty is a collective effort,Opinion,editorial upholding medical amnesty is a collective effort,"['editorial', 'upholding', 'medical', 'amnesty', 'collective', 'effort']"
PARTING SHOT: Prides and joys,Opinion,parting shot prides and joys,"['parting', 'shot', 'pride', 'joy']"
CASTAGNO: Albemarle County’s cautious approach to data centers should be a model,Opinion,castagno albemarle countys cautious approach to data centers should be a model,"['castagno', 'albemarle', 'county', 'cautious', 'approach', 'data', 'center', 'model']"
HUYNH: Virginia’s proposed ‘whippets’ law is laughable,Opinion,huynh virginias proposed whippets law is laughable,"['huynh', 'virginia', 'proposed', 'whippet', 'law', 'laughable']"
WILLIAMS: Let us not hide history this Black History Month,Opinion,williams let us not hide history this black history month,"['williams', 'let', 'u', 'hide', 'history', 'black', 'history', 'month']"
COHEN: Historic preservation should not come before affordable housing,Opinion,cohen historic preservation should not come before affordable housing,"['cohen', 'historic', 'preservation', 'come', 'affordable', 'housing']"
GERBER: Gaslighting for DEI — community DEI proponents must stop ignoring the law,Opinion,gerber gaslighting for dei  community dei proponents must stop ignoring the law,"['gerber', 'gaslighting', 'dei', 'community', 'dei', 'proponent', 'must', 'stop', 'ignoring', 'law']"
FREED: High school wrestling programs must grapple with athlete safety,Opinion,freed high school wrestling programs must grapple with athlete safety,"['freed', 'high', 'school', 'wrestling', 'program', 'must', 'grapple', 'athlete', 'safety']"
SULLIVAN: Financial accessibility matters — even post-grad,Opinion,sullivan financial accessibility matters  even postgrad,"['sullivan', 'financial', 'accessibility', 'matter', 'even', 'postgrad']"
A statement by 40 Jewish faculty and staff on antisemitism and DEI at U.Va.,Opinion,a statement by  jewish faculty and staff on antisemitism and dei at uva,"['statement', 'jewish', 'faculty', 'staff', 'antisemitism', 'dei', 'uva']"
CLIPPINGER: Jay Jones’ inauguration reflects a shift in Virginia’s civic culture,Opinion,clippinger jay jones inauguration reflects a shift in virginias civic culture,"['clippinger', 'jay', 'jones', 'inauguration', 'reflects', 'shift', 'virginia', 'civic', 'culture']"
SCHENBERG: Our foreign students and colleagues deserve better,Opinion,schenberg our foreign students and colleagues deserve better,"['schenberg', 'foreign', 'student', 'colleague', 'deserve', 'better']"
BURSTEIN: The attention deficit epidemic needs to be addressed at U.Va.,Opinion,burstein the attention deficit epidemic needs to be addressed at uva,"['burstein', 'attention', 'deficit', 'epidemic', 'need', 'addressed', 'uva']"
5 U.Va. COMMUNITY MEMBERS: Gerber has it wrong — our U.Va. is better,Opinion, uva community members gerber has it wrong  our uva is better,"['uva', 'community', 'member', 'gerber', 'wrong', 'uva', 'better']"
RASHID: Denying compensation to Resident Advisors will leave us behind,Opinion,rashid denying compensation to resident advisors will leave us behind,"['rashid', 'denying', 'compensation', 'resident', 'advisor', 'leave', 'u', 'behind']"
"BRUNMAN: Stop ghosting us, Governor Youngkin",Opinion,brunman stop ghosting us governor youngkin,"['brunman', 'stop', 'ghosting', 'u', 'governor', 'youngkin']"
ELJAZZAR: Celebrate U.Va.’s expansion into Northern Virginia,Opinion,eljazzar celebrate uvas expansion into northern virginia,"['eljazzar', 'celebrate', 'uvas', 'expansion', 'northern', 'virginia']"
KURTZWEIL: Threats to learning cannot be met with cowardice,Opinion,kurtzweil threats to learning cannot be met with cowardice,"['kurtzweil', 'threat', 'learning', 'cannot', 'met', 'cowardice']"
"SULLIVAN: Ring out the old, vote in the new",Opinion,sullivan ring out the old vote in the new,"['sullivan', 'ring', 'old', 'vote', 'new']"
DUTTENHOFER: Spanberger cannot fail Virginia’s education system,Opinion,duttenhofer spanberger cannot fail virginias education system,"['duttenhofer', 'spanberger', 'cannot', 'fail', 'virginia', 'education', 'system']"
YOUNIS: Muslim students deserve a better Ramadan on Grounds,Opinion,younis muslim students deserve a better ramadan on grounds,"['younis', 'muslim', 'student', 'deserve', 'better', 'ramadan', 'ground']"
A statement of no confidence in the Board of Visitors by 141 retired U.Va. faculty,Opinion,a statement of no confidence in the board of visitors by  retired uva faculty,"['statement', 'confidence', 'board', 'visitor', 'retired', 'uva', 'faculty']"
PARTING SHOT: Escaping the Doldrums,Opinion,parting shot escaping the doldrums,"['parting', 'shot', 'escaping', 'doldrums']"
SULLIVAN: QR codes have crashed the party,Opinion,sullivan qr codes have crashed the party,"['sullivan', 'qr', 'code', 'crashed', 'party']"
EDITORIAL: University admin — guide us through your decision to suspend the Guide Service,Opinion,editorial university admin  guide us through your decision to suspend the guide service,"['editorial', 'university', 'admin', 'guide', 'u', 'decision', 'suspend', 'guide', 'service']"
"EDITORIAL: Spanberger, do not follow in the pattern of our last governor",Opinion,editorial spanberger do not follow in the pattern of our last governor,"['editorial', 'spanberger', 'follow', 'pattern', 'last', 'governor']"
ELJAZZAR: Improve transfer student orientation programs,Opinion,eljazzar improve transfer student orientation programs,"['eljazzar', 'improve', 'transfer', 'student', 'orientation', 'program']"
NERO: Littlejohn’s vacancy allows for student entrepreneurship opportunities,Opinion,nero littlejohns vacancy allows for student entrepreneurship opportunities,"['nero', 'littlejohns', 'vacancy', 'allows', 'student', 'entrepreneurship', 'opportunity']"
CARTER: Did anyone actually want VERVE?,Opinion,carter did anyone actually want verve,"['carter', 'anyone', 'actually', 'want', 'verve']"
EDITORIAL: Long live President Ryan!,Opinion,editorial long live president ryan,"['editorial', 'long', 'live', 'president', 'ryan']"
UPADHYAYA: Virginia needs comprehensive climate education — now,Opinion,upadhyaya virginia needs comprehensive climate education  now,"['upadhyaya', 'virginia', 'need', 'comprehensive', 'climate', 'education']"
ELJAZZAR: Expand institutional knowledge for student empowerment,Opinion,eljazzar expand institutional knowledge for student empowerment,"['eljazzar', 'expand', 'institutional', 'knowledge', 'student', 'empowerment']"
KING: Virginia’s felons deserve the opportunity to work without discrimination,Opinion,king virginias felons deserve the opportunity to work without discrimination,"['king', 'virginia', 'felon', 'deserve', 'opportunity', 'work', 'without', 'discrimination']"
Letters to the Editor: The resignation of University President Jim Ryan,Opinion,letters to the editor the resignation of university president jim ryan,"['letter', 'editor', 'resignation', 'university', 'president', 'jim', 'ryan']"
COHEN: The presidential appointment process was blatantly non-Jeffersonian,Opinion,cohen the presidential appointment process was blatantly nonjeffersonian,"['cohen', 'presidential', 'appointment', 'process', 'blatantly', 'nonjeffersonian']"
A statement from 181 concerned faculty on the Faculty Senate’s Nov. 14 resolution,Opinion,a statement from  concerned faculty on the faculty senates nov  resolution,"['statement', 'concerned', 'faculty', 'faculty', 'senate', 'nov', 'resolution']"
FREED: Do not be fooled — the Trump administration is not fighting antisemitism,Opinion,freed do not be fooled  the trump administration is not fighting antisemitism,"['freed', 'fooled', 'trump', 'administration', 'fighting', 'antisemitism']"
CASTAGNO: Bring back standardized tests,Opinion,castagno bring back standardized tests,"['castagno', 'bring', 'back', 'standardized', 'test']"
BARRETT: President Ryan’s forced resignation jeopardizes the future of U.Va.,Opinion,barrett president ryans forced resignation jeopardizes the future of uva,"['barrett', 'president', 'ryans', 'forced', 'resignation', 'jeopardizes', 'future', 'uva']"
"EDITORIAL: Back to Grounds, and back to repairing institutional credibility",Opinion,editorial back to grounds and back to repairing institutional credibility,"['editorial', 'back', 'ground', 'back', 'repairing', 'institutional', 'credibility']"
EDITORIAL: 2030 should not take precedence over 2024,Opinion,editorial  should not take precedence over ,"['editorial', 'take', 'precedence']"
EDITORIAL: Good journalism is more than just news,Opinion,editorial good journalism is more than just news,"['editorial', 'good', 'journalism', 'news']"
KURTZWEIL: U.Va. is constructing an infrastructure conundrum,Opinion,kurtzweil uva is constructing an infrastructure conundrum,"['kurtzweil', 'uva', 'constructing', 'infrastructure', 'conundrum']"
EDITORIAL: Student self-governance should be for us all,Opinion,editorial student selfgovernance should be for us all,"['editorial', 'student', 'selfgovernance', 'u']"
"UPADHYAYA: The new University policies will hurt, not help, students",Opinion,upadhyaya the new university policies will hurt not help students,"['upadhyaya', 'new', 'university', 'policy', 'hurt', 'help', 'student']"
"EDITORIAL: Take the hint, Mr. Youngkin",Opinion,editorial take the hint mr youngkin,"['editorial', 'take', 'hint', 'mr', 'youngkin']"
U.Va. Medical Students: Defend academic freedom,Opinion,uva medical students defend academic freedom,"['uva', 'medical', 'student', 'defend', 'academic', 'freedom']"
KURTZWEIL: True financial aid must be transparent,Opinion,kurtzweil true financial aid must be transparent,"['kurtzweil', 'true', 'financial', 'aid', 'must', 'transparent']"
EDITORIAL: U.Va. needs to promote better artificial intelligence policies,Opinion,editorial uva needs to promote better artificial intelligence policies,"['editorial', 'uva', 'need', 'promote', 'better', 'artificial', 'intelligence', 'policy']"
EDITORIAL: Think wisely about our regional campus,Opinion,editorial think wisely about our regional campus,"['editorial', 'think', 'wisely', 'regional', 'campus']"
PARTING SHOT: A love letter to Cav Daily and Connection,Opinion,parting shot a love letter to cav daily and connection,"['parting', 'shot', 'love', 'letter', 'cav', 'daily', 'connection']"
"LETTER: October 7 — one year on, we must look beyond the facade of conciliation",Opinion,letter october   one year on we must look beyond the facade of conciliation,"['letter', 'october', 'one', 'year', 'must', 'look', 'beyond', 'facade', 'conciliation']"
EDITORIAL: Carla Williams deserves her seat at the table,Opinion,editorial carla williams deserves her seat at the table,"['editorial', 'carla', 'williams', 'deserves', 'seat', 'table']"
EDITORIAL: A university president guarded from his constituents cannot lead them,Opinion,editorial a university president guarded from his constituents cannot lead them,"['editorial', 'university', 'president', 'guarded', 'constituent', 'cannot', 'lead']"
HUYNH: Governor Youngkin should have signed the General Assembly’s new marijuana bill,Opinion,huynh governor youngkin should have signed the general assemblys new marijuana bill,"['huynh', 'governor', 'youngkin', 'signed', 'general', 'assembly', 'new', 'marijuana', 'bill']"
GERBER: A letter of suggestions for U.Va.’s interim president,Opinion,gerber a letter of suggestions for uvas interim president,"['gerber', 'letter', 'suggestion', 'uvas', 'interim', 'president']"
CASTAGNO: HRL’s revised DEI policy achieves nothing but harm to students,Opinion,castagno hrls revised dei policy achieves nothing but harm to students,"['castagno', 'hrls', 'revised', 'dei', 'policy', 'achieves', 'nothing', 'harm', 'student']"
RASHID: The time to expand the students’ role at the administrative level is now,Opinion,rashid the time to expand the students role at the administrative level is now,"['rashid', 'time', 'expand', 'student', 'role', 'administrative', 'level']"
CLIPPINGER: Viewpoint diversity is not about free speech,Opinion,clippinger viewpoint diversity is not about free speech,"['clippinger', 'viewpoint', 'diversity', 'free', 'speech']"
EDITORIAL: Work-related Summertime Sadness must be reduced and reframed,Opinion,editorial workrelated summertime sadness must be reduced and reframed,"['editorial', 'workrelated', 'summertime', 'sadness', 'must', 'reduced', 'reframed']"
STUMP: Housing and Residence Life is deaf to students’ need for paper towels,Opinion,stump housing and residence life is deaf to students need for paper towels,"['stump', 'housing', 'residence', 'life', 'deaf', 'student', 'need', 'paper', 'towel']"
"GOLDBLATT, LEVY, WILLIAMS: What does it mean for U.Va. to follow the advice of legal counsel?",Opinion,goldblatt levy williams what does it mean for uva to follow the advice of legal counsel,"['goldblatt', 'levy', 'williams', 'mean', 'uva', 'follow', 'advice', 'legal', 'counsel']"
UNIVERSITY GUIDES LEADERSHIP: We stand behind our commitment to sharing history,Opinion,university guides leadership we stand behind our commitment to sharing history,"['university', 'guide', 'leadership', 'stand', 'behind', 'commitment', 'sharing', 'history']"
PARTING SHOT: Sometimes it’s okay to fake a smile,Opinion,parting shot sometimes its okay to fake a smile,"['parting', 'shot', 'sometimes', 'okay', 'fake', 'smile']"
EDITORIAL: Put our holistic admissions process to the test,Opinion,editorial put our holistic admissions process to the test,"['editorial', 'put', 'holistic', 'admission', 'process', 'test']"
ARRAS: The cavalier tendency to say “I do”,Opinion,arras the cavalier tendency to say i do,"['arras', 'cavalier', 'tendency', 'say']"
KING: The Jefferson Council’s letter ignores the glaring illegitimacy of the Board,Opinion,king the jefferson councils letter ignores the glaring illegitimacy of the board,"['king', 'jefferson', 'council', 'letter', 'ignores', 'glaring', 'illegitimacy', 'board']"
CALHOUN AND KITZMANN: U.Va. needs student self-governance on technology issues,Opinion,calhoun and kitzmann uva needs student selfgovernance on technology issues,"['calhoun', 'kitzmann', 'uva', 'need', 'student', 'selfgovernance', 'technology', 'issue']"
KURTZWEIL: Virginian taxes should not be politicized,Opinion,kurtzweil virginian taxes should not be politicized,"['kurtzweil', 'virginian', 'tax', 'politicized']"
DUTTENHOFER: Is growth-based learning actually helping us grow?,Opinion,duttenhofer is growthbased learning actually helping us grow,"['duttenhofer', 'growthbased', 'learning', 'actually', 'helping', 'u', 'grow']"
COHEN: Charlottesville must embrace a comprehensive solution to homelessness,Opinion,cohen charlottesville must embrace a comprehensive solution to homelessness,"['cohen', 'charlottesville', 'must', 'embrace', 'comprehensive', 'solution', 'homelessness']"
NERO: The University must modernize the Lawn room application process,Opinion,nero the university must modernize the lawn room application process,"['nero', 'university', 'must', 'modernize', 'lawn', 'room', 'application', 'process']"
PARTING SHOT: You are your own limit,Opinion,parting shot you are your own limit,"['parting', 'shot', 'limit']"
"BRUNMAN: Board of Visitors, where is your humanity?",Opinion,brunman board of visitors where is your humanity,"['brunman', 'board', 'visitor', 'humanity']"
QUILLEN: Online asynchronous courses are pointless for full-time students,Opinion,quillen online asynchronous courses are pointless for fulltime students,"['quillen', 'online', 'asynchronous', 'course', 'pointless', 'fulltime', 'student']"
EDITORIAL: Commercialization threatens U.Va.’s educational mission,Opinion,editorial commercialization threatens uvas educational mission,"['editorial', 'commercialization', 'threatens', 'uvas', 'educational', 'mission']"
CASTAGNO: Intensifying security theater in schools does not make them safer,Opinion,castagno intensifying security theater in schools does not make them safer,"['castagno', 'intensifying', 'security', 'theater', 'school', 'make', 'safer']"
EDITORIAL: Commend the University Police Department’s improved incident responses,Opinion,editorial commend the university police departments improved incident responses,"['editorial', 'commend', 'university', 'police', 'department', 'improved', 'incident', 'response']"
EDITORIAL: We can demand more of our university presidents,Opinion,editorial we can demand more of our university presidents,"['editorial', 'demand', 'university', 'president']"
EDITORIAL: Elect Student Council representatives that advocate for students,Opinion,editorial elect student council representatives that advocate for students,"['editorial', 'elect', 'student', 'council', 'representative', 'advocate', 'student']"
PARTING SHOT: Revisiting old comments,Opinion,parting shot revisiting old comments,"['parting', 'shot', 'revisiting', 'old', 'comment']"
PARTING SHOT: No man is an island,Opinion,parting shot no man is an island,"['parting', 'shot', 'man', 'island']"
PARTING SHOT: Staying the course,Opinion,parting shot staying the course,"['parting', 'shot', 'staying', 'course']"
VAN DE SOMPEL: “Rules are Rules”,Opinion,van de sompel rules are rules,"['van', 'de', 'sompel', 'rule', 'rule']"
KURTZWEIL: Big Brother is infiltrating immigration enforcement,Opinion,kurtzweil big brother is infiltrating immigration enforcement,"['kurtzweil', 'big', 'brother', 'infiltrating', 'immigration', 'enforcement']"
CASTAGNO: One year later — a local zoning ordinance proves its worth,Opinion,castagno one year later  a local zoning ordinance proves its worth,"['castagno', 'one', 'year', 'later', 'local', 'zoning', 'ordinance', 'prof', 'worth']"
BRUNMAN: Politicization should not determine the Board of Visitors,Opinion,brunman politicization should not determine the board of visitors,"['brunman', 'politicization', 'determine', 'board', 'visitor']"
EDITORIAL: U.Va. Health lets fear trump its mission to do no harm,Opinion,editorial uva health lets fear trump its mission to do no harm,"['editorial', 'uva', 'health', 'let', 'fear', 'trump', 'mission', 'harm']"
WILLIAMS: The future of Virginia is on the ballot this fall,Opinion,williams the future of virginia is on the ballot this fall,"['williams', 'future', 'virginia', 'ballot', 'fall']"
U.Va. APARTHEID DIVEST: Divest from Death,Opinion,uva apartheid divest divest from death,"['uva', 'apartheid', 'divest', 'divest', 'death']"
EDITORIAL: Scapegoating students will not stop hazing,Opinion,editorial scapegoating students will not stop hazing,"['editorial', 'scapegoating', 'student', 'stop', 'hazing']"
TU​​RNER: The ‘95-5’ statistic on viewpoints diversity leaves out the majority,Opinion,turner the  statistic on viewpoints diversity leaves out the majority,"['turner', 'statistic', 'viewpoint', 'diversity', 'leaf', 'majority']"
GARVIE: The University has 99 problems — let sustainability be one,Opinion,garvie the university has  problems  let sustainability be one,"['garvie', 'university', 'problem', 'let', 'sustainability', 'one']"
EDITORIAL: Pedestrian safety is an institutional imperative,Opinion,editorial pedestrian safety is an institutional imperative,"['editorial', 'pedestrian', 'safety', 'institutional', 'imperative']"
EDITORIAL: Support low-barrier shelters in Charlottesville,Opinion,editorial support lowbarrier shelters in charlottesville,"['editorial', 'support', 'lowbarrier', 'shelter', 'charlottesville']"
LETTER: It is critical to hold individual hazers accountable,Opinion,letter it is critical to hold individual hazers accountable,"['letter', 'critical', 'hold', 'individual', 'hazers', 'accountable']"
TAYLOR: Charlottesville’s asylum seekers are trapped by a DHS legal loophole,Opinion,taylor charlottesvilles asylum seekers are trapped by a dhs legal loophole,"['taylor', 'charlottesvilles', 'asylum', 'seeker', 'trapped', 'dhs', 'legal', 'loophole']"
CASTAGNO: Mandate media literacy courses to combat misinformation,Opinion,castagno mandate media literacy courses to combat misinformation,"['castagno', 'mandate', 'medium', 'literacy', 'course', 'combat', 'misinformation']"
SHRAUGER: We must fight against transportation deregulation,Opinion,shrauger we must fight against transportation deregulation,"['shrauger', 'must', 'fight', 'transportation', 'deregulation']"
P.U.M.P.K.I.N. SOCIETY: Happy Halloween 2024,Opinion,pumpkin society happy halloween ,"['pumpkin', 'society', 'happy', 'halloween']"
EDITORIAL: Reckon consistently with our history,Opinion,editorial reckon consistently with our history,"['editorial', 'reckon', 'consistently', 'history']"
WILLIAMS: Donald Trump will be a threat to student loan forgiveness,Opinion,williams donald trump will be a threat to student loan forgiveness,"['williams', 'donald', 'trump', 'threat', 'student', 'loan', 'forgiveness']"
SULLIVAN: U.Va. given a free pass on free speech,Opinion,sullivan uva given a free pass on free speech,"['sullivan', 'uva', 'given', 'free', 'pas', 'free', 'speech']"
DUTTENHOFER: Cutting research cuts out students,Opinion,duttenhofer cutting research cuts out students,"['duttenhofer', 'cutting', 'research', 'cut', 'student']"
EDITORIAL: DEI belongs at U.Va.,Opinion,editorial dei belongs at uva,"['editorial', 'dei', 'belongs', 'uva']"
GARVIE: The Women’s History Month events are more performative than practical,Opinion,garvie the womens history month events are more performative than practical,"['garvie', 'woman', 'history', 'month', 'event', 'performative', 'practical']"
PARTING SHOT: Work that never felt like work,Opinion,parting shot work that never felt like work,"['parting', 'shot', 'work', 'never', 'felt', 'like', 'work']"
"FREED: Before embracing AI, Virginia schools need an update",Opinion,freed before embracing ai virginia schools need an update,"['freed', 'embracing', 'ai', 'virginia', 'school', 'need', 'update']"
EDITORIAL: Federal overreach is destabilizing Virginia’s leading legal bodies,Opinion,editorial federal overreach is destabilizing virginias leading legal bodies,"['editorial', 'federal', 'overreach', 'destabilizing', 'virginia', 'leading', 'legal', 'body']"
LETTER: The Jefferson Council understates faculty criticism of the presidential search,Opinion,letter the jefferson council understates faculty criticism of the presidential search,"['letter', 'jefferson', 'council', 'understates', 'faculty', 'criticism', 'presidential', 'search']"
SHRAUGER: Protect City Council funding for Central Virginia Violence Interrupters,Opinion,shrauger protect city council funding for central virginia violence interrupters,"['shrauger', 'protect', 'city', 'council', 'funding', 'central', 'virginia', 'violence', 'interrupter']"
EDITORIAL: Trust in U.Va.’s governance begins with candor,Opinion,editorial trust in uvas governance begins with candor,"['editorial', 'trust', 'uvas', 'governance', 'begin', 'candor']"
PARTING SHOT: You only get what you give,Opinion,parting shot you only get what you give,"['parting', 'shot', 'get', 'give']"
HUYNH: The Supreme Court must support civil rights litigation in Virginia and beyond,Opinion,huynh the supreme court must support civil rights litigation in virginia and beyond,"['huynh', 'supreme', 'court', 'must', 'support', 'civil', 'right', 'litigation', 'virginia', 'beyond']"
EDITORIAL: Honor lives on — with room for improvement,Opinion,editorial honor lives on  with room for improvement,"['editorial', 'honor', 'life', 'room', 'improvement']"
EDITORIAL: DOJ Agreement signed and institutional instability guaranteed,Opinion,editorial doj agreement signed and institutional instability guaranteed,"['editorial', 'doj', 'agreement', 'signed', 'institutional', 'instability', 'guaranteed']"
YOUNIS: The danger of dehumanizing language,Opinion,younis the danger of dehumanizing language,"['younis', 'danger', 'dehumanizing', 'language']"
EDITORIAL: Choose UJC representatives who believe in internal reform,Opinion,editorial choose ujc representatives who believe in internal reform,"['editorial', 'choose', 'ujc', 'representative', 'believe', 'internal', 'reform']"
SULLIVAN: On making Housing a home — for student self-governance,Opinion,sullivan on making housing a home  for student selfgovernance,"['sullivan', 'making', 'housing', 'home', 'student', 'selfgovernance']"
EDITORIAL: Honor the Future campaign’s success is still conditional,Opinion,editorial honor the future campaigns success is still conditional,"['editorial', 'honor', 'future', 'campaign', 'success', 'still', 'conditional']"
EDITORIAL: May 4 was unacceptable — administration seems to disagree,Opinion,editorial may  was unacceptable  administration seems to disagree,"['editorial', 'may', 'unacceptable', 'administration', 'seems', 'disagree']"
KING: The College Republicans’ letter to the Board dishonors the University,Opinion,king the college republicans letter to the board dishonors the university,"['king', 'college', 'republican', 'letter', 'board', 'dishonor', 'university']"
A statement of no confidence in the Board of Visitors by the U.Va. Chapter of the AAUP,Opinion,a statement of no confidence in the board of visitors by the uva chapter of the aaup,"['statement', 'confidence', 'board', 'visitor', 'uva', 'chapter', 'aaup']"
A statement to the presidential search committee from the UCWVA-UVA Chapter,Opinion,a statement to the presidential search committee from the ucwvauva chapter,"['statement', 'presidential', 'search', 'committee', 'ucwvauva', 'chapter']"
"GILLIKIN and JOHNSON: U.Va., please rescind your Federal Executive Institute bid",Opinion,gillikin and johnson uva please rescind your federal executive institute bid,"['gillikin', 'johnson', 'uva', 'please', 'rescind', 'federal', 'executive', 'institute', 'bid']"
KURTZWEIL: Do not sign the Compact,Opinion,kurtzweil do not sign the compact,"['kurtzweil', 'sign', 'compact']"
PARTING SHOT: Confessions of a nepo baby,Opinion,parting shot confessions of a nepo baby,"['parting', 'shot', 'confession', 'nepo', 'baby']"
PARTING SHOT: Life lessons,Opinion,parting shot life lessons,"['parting', 'shot', 'life', 'lesson']"
PARTING SHOT: Failure does define you,Opinion,parting shot failure does define you,"['parting', 'shot', 'failure', 'define']"
LETTER FROM THE EDITOR: Three years on,Opinion,letter from the editor three years on,"['letter', 'editor', 'three', 'year']"
EDITORIAL: HRL changes have eroded staff autonomy — again,Opinion,editorial hrl changes have eroded staff autonomy  again,"['editorial', 'hrl', 'change', 'eroded', 'staff', 'autonomy']"
PARTING SHOT: You never know unless you try,Opinion,parting shot you never know unless you try,"['parting', 'shot', 'never', 'know', 'unless', 'try']"
"ACQUAVIVA: U.Va. paid nothing, yet lost everything",Opinion,acquaviva uva paid nothing yet lost everything,"['acquaviva', 'uva', 'paid', 'nothing', 'yet', 'lost', 'everything']"
PARTING SHOT: Risk and reward,Opinion,parting shot risk and reward,"['parting', 'shot', 'risk', 'reward']"
ELJAZZAR: Advising changes are a step toward student success,Opinion,eljazzar advising changes are a step toward student success,"['eljazzar', 'advising', 'change', 'step', 'toward', 'student', 'success']"
A statement by 211 concerned faculty on the presidential and provost search committees,Opinion,a statement by  concerned faculty on the presidential and provost search committees,"['statement', 'concerned', 'faculty', 'presidential', 'provost', 'search', 'committee']"
UPADHYAYA: The Great and not-so-Good sides of U.Va.’s 2030 housing plan,Opinion,upadhyaya the great and notsogood sides of uvas  housing plan,"['upadhyaya', 'great', 'notsogood', 'side', 'uvas', 'housing', 'plan']"
CARTER: Data science without sustainability is insufficient,Opinion,carter data science without sustainability is insufficient,"['carter', 'data', 'science', 'without', 'sustainability', 'insufficient']"
"DUTTENHOFER: U.Va. reaps the benefits of Charlottesville, but gives back scraps",Opinion,duttenhofer uva reaps the benefits of charlottesville but gives back scraps,"['duttenhofer', 'uva', 'reaps', 'benefit', 'charlottesville', 'give', 'back', 'scrap']"
"BRUNMAN: U.Va. administration, protect your Jewish students",Opinion,brunman uva administration protect your jewish students,"['brunman', 'uva', 'administration', 'protect', 'jewish', 'student']"
KURTZWEIL: A defense of the Batten Curve,Opinion,kurtzweil a defense of the batten curve,"['kurtzweil', 'defense', 'batten', 'curve']"
EDITORIAL: Collectives are a misinterpretation of the mission of NIL,Opinion,editorial collectives are a misinterpretation of the mission of nil,"['editorial', 'collective', 'misinterpretation', 'mission', 'nil']"
HARBATH: Compulsory attendance policies are harmful to students,Opinion,harbath compulsory attendance policies are harmful to students,"['harbath', 'compulsory', 'attendance', 'policy', 'harmful', 'student']"
SULLIVAN: Ramp up physical accessibility on Grounds,Opinion,sullivan ramp up physical accessibility on grounds,"['sullivan', 'ramp', 'physical', 'accessibility', 'ground']"
KURTZWEIL: Little sympathy for LittleJohn’s closure,Opinion,kurtzweil little sympathy for littlejohns closure,"['kurtzweil', 'little', 'sympathy', 'littlejohns', 'closure']"
CARTER: Alumni should not be running the show,Opinion,carter alumni should not be running the show,"['carter', 'alumnus', 'running', 'show']"
FREED: Infrastructure failings leave Charlottesville out in the cold,Opinion,freed infrastructure failings leave charlottesville out in the cold,"['freed', 'infrastructure', 'failing', 'leave', 'charlottesville', 'cold']"
WETMORE: U.Va. needs to double down on the World Language Requirement,Opinion,wetmore uva needs to double down on the world language requirement,"['wetmore', 'uva', 'need', 'double', 'world', 'language', 'requirement']"
MICHAELSON: U.Va. must not surrender to authoritarian pressure,Opinion,michaelson uva must not surrender to authoritarian pressure,"['michaelson', 'uva', 'must', 'surrender', 'authoritarian', 'pressure']"
PARTING SHOT: Asked and answered,Opinion,parting shot asked and answered,"['parting', 'shot', 'asked', 'answered']"
KURTZWEIL: Virginia should embrace sanctuary cities,Opinion,kurtzweil virginia should embrace sanctuary cities,"['kurtzweil', 'virginia', 'embrace', 'sanctuary', 'city']"
EDITORIAL: Shared governance is dying while our Board prospers,Opinion,editorial shared governance is dying while our board prospers,"['editorial', 'shared', 'governance', 'dying', 'board', 'prospers']"
KURTZWEIL: The truth about nuclear power in Northern Virginia,Opinion,kurtzweil the truth about nuclear power in northern virginia,"['kurtzweil', 'truth', 'nuclear', 'power', 'northern', 'virginia']"
KING: Virginia must step up for civic education,Opinion,king virginia must step up for civic education,"['king', 'virginia', 'must', 'step', 'civic', 'education']"
KURTZWEIL: U.Va. needs to fix its price discrimination,Opinion,kurtzweil uva needs to fix its price discrimination,"['kurtzweil', 'uva', 'need', 'fix', 'price', 'discrimination']"
BRUNMAN: Raise the bar for Charlottesville’s Republican Congressional candidates,Opinion,brunman raise the bar for charlottesvilles republican congressional candidates,"['brunman', 'raise', 'bar', 'charlottesvilles', 'republican', 'congressional', 'candidate']"
SEGARNICK: Radical transparency is U.Va.’s way forward,Opinion,segarnick radical transparency is uvas way forward,"['segarnick', 'radical', 'transparency', 'uvas', 'way', 'forward']"
A statement on the U.Va. presidential leadership transition by Ubunye,Opinion,a statement on the uva presidential leadership transition by ubunye,"['statement', 'uva', 'presidential', 'leadership', 'transition', 'ubunye']"
SULLIVAN: Student election mishaps undermine the reputation of student self-governance,Opinion,sullivan student election mishaps undermine the reputation of student selfgovernance,"['sullivan', 'student', 'election', 'mishap', 'undermine', 'reputation', 'student', 'selfgovernance']"
EDITORIAL: Grassroots student efforts have brought new energy to Grounds,Opinion,editorial grassroots student efforts have brought new energy to grounds,"['editorial', 'grassroots', 'student', 'effort', 'brought', 'new', 'energy', 'ground']"
UPADHYAYA: Inclusive access must stay inclusive,Opinion,upadhyaya inclusive access must stay inclusive,"['upadhyaya', 'inclusive', 'access', 'must', 'stay', 'inclusive']"
SCANLON: U.Va. must implement a mandatory first-year personal finance course,Opinion,scanlon uva must implement a mandatory firstyear personal finance course,"['scanlon', 'uva', 'must', 'implement', 'mandatory', 'firstyear', 'personal', 'finance', 'course']"
